"type","id","request_id","ip_addr","full_url","is_secure","method","host","url","raw_id","frame_id","documentURL","responseCode","request_type","load_ms","ttfb_ms","load_start","load_start_float","bytesIn","objectSize","objectSizeUncompressed","expires","cacheControl","contentType","contentEncoding","socket","protocol","dns_start","dns_end","connect_start","connect_end","ssl_start","ssl_end","initiator","initiator_line","initiator_column","initiator_type","priority","initial_priority","server_rtt","bytesOut","score_cache","score_cdn","score_gzip","score_cookies","score_keep-alive","score_minify","score_combine","score_compress","score_etags","dns_ms","connect_ms","ssl_ms","gzip_total","gzip_save","minify_total","minify_save","image_total","image_save","cache_time","cdn_provider","server_count","created","socket_group","http2_stream_id","http2_stream_dependency","http2_stream_weight","http2_stream_exclusive","tls_version","tls_resumed","tls_next_proto","tls_cipher_suite","netlog_id","server_port","final_base_page","is_base_page","load_end","ttfb_start","ttfb_end","download_start","download_end","download_ms","all_start","all_end","all_ms","index","number","run","cached","renderBlocking","cpu.FunctionCall","cpuTime",
"3","240303_BiDcDC_4ER","BA5291C48A3FB775C4103246CDF00243","102.23.120.104","https://carepro-training.ihmafrica.com/","1","GET","carepro-training.ihmafrica.com","/","BA5291C48A3FB775C4103246CDF00243","3951E6ED87E4CD6B78057BBDF112552B","https://carepro-training.ihmafrica.com/","200","Document","872","867","1067","1067.000061","470","470","525","","","text/html","gzip","74","HTTP/2","187","187","187","621","621","1067","https://carepro-training.ihmafrica.com/assets/index-GspsHL8z.js","","","script","Highest","Highest","","2176","-1","-1","100","-1","100","-1","-1","-1","-1","0","434","446","470","0","","","","","","","","0","https://carepro-training.ihmafrica.com <https://ihmafrica.com same_site>","1","0","256","1","TLS 1.3","False","h2","4866","61","443","1","1","1939","1067","1934","1934","1939","5","187","1939","1752","0","1","1","0","","","",
"3","240303_BiDcDC_4ER","8861.2","102.23.120.104","https://carepro-training.ihmafrica.com/assets/index-DlbAJsYZ.js","1","GET","carepro-training.ihmafrica.com","/assets/index-DlbAJsYZ.js","8861.2","3951E6ED87E4CD6B78057BBDF112552B","https://carepro-training.ihmafrica.com/","200","Script","1832","507","1966","1966.000097","107866","107866","265210","","","application/javascript","gzip","74","HTTP/2","-1","-1","-1","-1","-1","-1","https://carepro-training.ihmafrica.com/","7","","parser","High","High","","2047","0","0","100","-1","100","-1","-1","-1","-1","-1","-1","-1","108046","0","","","","","0","","","1965","https://carepro-training.ihmafrica.com <https://ihmafrica.com same_site>","3","0","220","1","","","","","97","443","","","3798","1966","2473","2473","3798","1325","1966","3798","1832","1","2","1","0","non_blocking","533","533",
"3","240303_BiDcDC_4ER","8861.3","102.23.120.104","https://carepro-training.ihmafrica.com/assets/index-0ohbmGHq.css","1","GET","carepro-training.ihmafrica.com","/assets/index-0ohbmGHq.css","8861.3","3951E6ED87E4CD6B78057BBDF112552B","https://carepro-training.ihmafrica.com/","200","Stylesheet","1409","1387","1969","1969.000103","36254","36254","154473","","","text/css","gzip","74","HTTP/2","-1","-1","-1","-1","-1","-1","https://carepro-training.ihmafrica.com/","8","","parser","Highest","Highest","","2092","0","0","100","-1","100","-1","-1","-1","-1","-1","-1","-1","36254","0","","","","","0","","","1968","https://carepro-training.ihmafrica.com <https://ihmafrica.com same_site>","5","0","256","1","","","","","103","443","","","3378","1969","3356","3356","3378","22","1969","3378","1409","2","3","1","0","blocking","","",
"3","240303_BiDcDC_4ER","8861.6","172.253.122.95","https://fonts.googleapis.com/css2?family=Poppins:ital,wght@0,100;0,200;0,300;0,400;0,500;0,600;0,700;0,800;0,900;1,100;1,200;1,300;1,400;1,500;1,600;1,700;1,800;1,900&display=swap","1","GET","fonts.googleapis.com","/css2?family=Poppins:ital,wght@0,100;0,200;0,300;0,400;0,500;0,600;0,700;0,800;0,900;1,100;1,200;1,300;1,400;1,500;1,600;1,700;1,800;1,900&display=swap","8861.6","3951E6ED87E4CD6B78057BBDF112552B","https://carepro-training.ihmafrica.com/","200","Stylesheet","188","185","3926","3926.000111","1222","1222","20928","Sun, 03 Mar 2024 14:27:50 GMT","private, max-age=86400, stale-while-revalidate=604800","text/css","gzip","127","HTTP/2","3570","3570","3571","3743","3743","3926","https://carepro-training.ihmafrica.com/assets/index-0ohbmGHq.css","0","","parser","Highest","Highest","","2374","50","100","100","-1","100","-1","-1","-1","-1","0","172","183","1347","0","","","","","86400","Google","","3398","https://fonts.googleapis.com <https://ihmafrica.com same_site>","1","0","256","1","TLS 1.3","False","h2","4865","111","443","","","4114","3926","4111","4111","4114","3","3571","4114","543","3","4","1","0","blocking","","",
"3","240303_BiDcDC_4ER","8861.61","102.23.120.104","https://carepro-training.ihmafrica.com/assets/index-1r3pzco2.js","1","GET","carepro-training.ihmafrica.com","/assets/index-1r3pzco2.js","8861.61","3951E6ED87E4CD6B78057BBDF112552B","https://carepro-training.ihmafrica.com/","200","Script","442","440","4323","4323.000144","4545","4545","11243","","","application/javascript","gzip","74","HTTP/2","-1","-1","-1","-1","-1","-1","https://carepro-training.ihmafrica.com/assets/index-DlbAJsYZ.js","72","44098","script","High","High","","2119","0","0","100","-1","100","-1","-1","-1","-1","-1","-1","-1","4545","0","","","","","0","","","4321","https://carepro-training.ihmafrica.com <https://ihmafrica.com same_site>","7","0","220","1","","","","","144","443","","","4765","4323","4763","4763","4765","2","4323","4765","442","4","5","1","0","non_blocking","","",
"3","240303_BiDcDC_4ER","8861.62","102.23.120.104","https://carepro-training.ihmafrica.com/assets/index-GspsHL8z.js","1","GET","carepro-training.ihmafrica.com","/assets/index-GspsHL8z.js","8861.62","3951E6ED87E4CD6B78057BBDF112552B","https://carepro-training.ihmafrica.com/","200","Script","437","436","4323","4323.00015","1111","1111","1630","","","application/javascript","gzip","74","HTTP/2","-1","-1","-1","-1","-1","-1","https://carepro-training.ihmafrica.com/assets/index-DlbAJsYZ.js","72","43988","script","High","High","","2119","0","0","100","-1","100","-1","-1","-1","-1","-1","-1","-1","1111","0","","","","","0","","","4322","https://carepro-training.ihmafrica.com <https://ihmafrica.com same_site>","9","7","220","1","","","","","150","443","","","4760","4323","4759","4759","4760","1","4323","4760","437","5","6","1","0","non_blocking","","",
"3","240303_BiDcDC_4ER","8861.63","102.23.120.104","https://carepro-training.ihmafrica.com/Logo.ico","1","GET","carepro-training.ihmafrica.com","/Logo.ico","8861.63","3951E6ED87E4CD6B78057BBDF112552B","https://carepro-training.ihmafrica.com/","200","Other","1008","452","4370","4370.000164","233534","233534","233534","","","image/x-icon","","74","HTTP/2","-1","-1","-1","-1","-1","-1","","","","other","High","High","","2038","0","0","31","-1","100","-1","-1","-1","-1","-1","-1","-1","233534","160877","","","","","0","","","4369","https://carepro-training.ihmafrica.com <https://ihmafrica.com same_site>","11","9","220","1","","","","","164","443","","","5378","4370","4822","4822","5378","556","4370","5378","1008","6","7","1","0","","","",
"3","240303_BiDcDC_4ER","8861.45","142.251.111.94","https://fonts.gstatic.com/s/poppins/v20/pxiEyp8kv8JHgFVrJJfecnFHGPc.woff2","1","GET","fonts.gstatic.com","/s/poppins/v20/pxiEyp8kv8JHgFVrJJfecnFHGPc.woff2","8861.45","3951E6ED87E4CD6B78057BBDF112552B","https://carepro-training.ihmafrica.com/","200","Font","244","236","4645","4645.000158","7884","7884","7884","Fri, 28 Feb 2025 06:36:17 GMT","public, max-age=31536000","font/woff2","","143","HTTP/2","4339","4339","4292","4464","4464","4645","https://fonts.googleapis.com/css2?family=Poppins:ital,wght@0,100;0,200;0,300;0,400;0,500;0,600;0,700;0,800;0,900;1,100;1,200;1,300;1,400;1,500;1,600;1,700;1,800;1,900&display=swap","","","parser","Highest","Highest","","2119","100","100","-1","-1","100","-1","-1","-1","-1","0","172","181","","","","","","","31248506","Google","","4356","pm/https://fonts.gstatic.com <https://ihmafrica.com same_site>","1","0","256","1","TLS 1.3","False","h2","4865","158","443","","","4889","4645","4881","4881","4889","8","4292","4889","597","7","8","1","0","non_blocking","","",
"3","240303_BiDcDC_4ER","8861.64","102.23.120.104","https://carepro-training.ihmafrica.com/assets/LoadRouter-WfYKlAWs.js","1","GET","carepro-training.ihmafrica.com","/assets/LoadRouter-WfYKlAWs.js","8861.64","3951E6ED87E4CD6B78057BBDF112552B","https://carepro-training.ihmafrica.com/","200","Script","906","850","4783","4783.000174","46749","46749","124413","","","application/javascript","gzip","74","HTTP/2","-1","-1","-1","-1","-1","-1","https://carepro-training.ihmafrica.com/assets/index-DlbAJsYZ.js","72","43931","script","High","High","","2134","0","0","100","-1","100","-1","-1","-1","-1","-1","-1","-1","46749","0","","","","","0","","","4779","https://carepro-training.ihmafrica.com <https://ihmafrica.com same_site>","13","11","220","1","","","","","174","443","","","5689","4783","5633","5633","5689","56","4783","5689","906","8","9","1","0","non_blocking","","",
"3","240303_BiDcDC_4ER","8861.65","102.23.120.104","https://carepro-training.ihmafrica.com/assets/PublicGuard-alCPlwsB.js","1","GET","carepro-training.ihmafrica.com","/assets/PublicGuard-alCPlwsB.js","8861.65","3951E6ED87E4CD6B78057BBDF112552B","https://carepro-training.ihmafrica.com/","200","Script","436","434","5964","5964.00018","343","343","347","","","application/javascript","gzip","74","HTTP/2","-1","-1","-1","-1","-1","-1","https://carepro-training.ihmafrica.com/assets/index-DlbAJsYZ.js","39","58223","script","High","High","","1909","0","0","100","-1","100","-1","-1","-1","-1","-1","-1","-1","343","0","","","","","0","","","5963","https://carepro-training.ihmafrica.com <https://ihmafrica.com same_site>","15","0","220","1","","","","","180","443","","","6400","5964","6398","6398","6400","2","5964","6400","436","9","10","1","0","non_blocking","","",
"3","240303_BiDcDC_4ER","8861.66","102.23.120.104","https://carepro-training.ihmafrica.com/assets/useAuthentication-_t-fUydq.js","1","GET","carepro-training.ihmafrica.com","/assets/useAuthentication-_t-fUydq.js","8861.66","3951E6ED87E4CD6B78057BBDF112552B","https://carepro-training.ihmafrica.com/","200","Script","859","859","5973","5973.000188","247","247","139","","","application/javascript","gzip","74","HTTP/2","-1","-1","-1","-1","-1","-1","https://carepro-training.ihmafrica.com/assets/index-DlbAJsYZ.js","39","58223","script","High","High","","1927","0","0","100","-1","100","-1","-1","-1","-1","-1","-1","-1","247","0","","","","","0","","","5972","https://carepro-training.ihmafrica.com <https://ihmafrica.com same_site>","17","15","220","1","","","","","188","443","","","6832","5973","6832","6832","6832","0","5973","6832","859","10","11","1","0","non_blocking","","",
"3","240303_BiDcDC_4ER","8861.67","102.23.120.104","https://carepro-training.ihmafrica.com/assets/UserLogin-kJrWfe3t.js","1","GET","carepro-training.ihmafrica.com","/assets/UserLogin-kJrWfe3t.js","8861.67","3951E6ED87E4CD6B78057BBDF112552B","https://carepro-training.ihmafrica.com/","200","Script","442","441","6906","6906.000194","2005","2005","3764","","","application/javascript","gzip","74","HTTP/2","-1","-1","-1","-1","-1","-1","https://carepro-training.ihmafrica.com/assets/index-DlbAJsYZ.js","39","58223","script","High","High","","1903","0","0","100","-1","100","-1","-1","-1","-1","-1","-1","-1","2005","0","","","","","0","","","6905","https://carepro-training.ihmafrica.com <https://ihmafrica.com same_site>","19","0","220","1","","","","","194","443","","","7348","6906","7347","7347","7348","1","6906","7348","442","11","12","1","0","non_blocking","","",
"3","240303_BiDcDC_4ER","8861.68","102.23.120.104","https://carepro-training.ihmafrica.com/assets/SubmitButton-HbZYvIMm.js","1","GET","carepro-training.ihmafrica.com","/assets/SubmitButton-HbZYvIMm.js","8861.68","3951E6ED87E4CD6B78057BBDF112552B","https://carepro-training.ihmafrica.com/","200","Script","445","444","6921","6921.0002","351","351","332","","","application/javascript","gzip","74","HTTP/2","-1","-1","-1","-1","-1","-1","https://carepro-training.ihmafrica.com/assets/index-DlbAJsYZ.js","39","58223","script","High","High","","1912","0","0","100","-1","100","-1","-1","-1","-1","-1","-1","-1","351","0","","","","","0","","","6914","https://carepro-training.ihmafrica.com <https://ihmafrica.com same_site>","21","19","220","1","","","","","200","443","","","7366","6921","7365","7365","7366","1","6921","7366","445","12","13","1","0","non_blocking","","",
"3","240303_BiDcDC_4ER","8861.69","102.23.120.104","https://carepro-training.ihmafrica.com/assets/cn-bD5gqaN6.js","1","GET","carepro-training.ihmafrica.com","/assets/cn-bD5gqaN6.js","8861.69","3951E6ED87E4CD6B78057BBDF112552B","https://carepro-training.ihmafrica.com/","200","Script","458","454","6922","6922.000206","8383","8383","20728","","","application/javascript","gzip","74","HTTP/2","-1","-1","-1","-1","-1","-1","https://carepro-training.ihmafrica.com/assets/index-DlbAJsYZ.js","39","58223","script","High","High","","1882","0","0","100","-1","100","-1","-1","-1","-1","-1","-1","-1","8383","0","","","","","0","","","6915","https://carepro-training.ihmafrica.com <https://ihmafrica.com same_site>","23","21","220","1","","","","","206","443","","","7380","6922","7376","7376","7380","4","6922","7380","458","13","14","1","0","non_blocking","","",
"3","240303_BiDcDC_4ER","8861.70","102.23.120.104","https://carepro-training.ihmafrica.com/assets/Checkbox-fG0akycJ.js","1","GET","carepro-training.ihmafrica.com","/assets/Checkbox-fG0akycJ.js","8861.70","3951E6ED87E4CD6B78057BBDF112552B","https://carepro-training.ihmafrica.com/","200","Script","465","456","6928","6928.000212","614","614","858","","","application/javascript","gzip","74","HTTP/2","-1","-1","-1","-1","-1","-1","https://carepro-training.ihmafrica.com/assets/index-DlbAJsYZ.js","39","58223","script","High","High","","1900","0","0","100","-1","100","-1","-1","-1","-1","-1","-1","-1","614","0","","","","","0","","","6917","https://carepro-training.ihmafrica.com <https://ihmafrica.com same_site>","25","23","220","1","","","","","212","443","","","7393","6928","7384","7384","7393","9","6928","7393","465","14","15","1","0","non_blocking","","",
"3","240303_BiDcDC_4ER","8861.71","102.23.120.104","https://carepro-training.ihmafrica.com/assets/Input-iVeBuOy1.js","1","GET","carepro-training.ihmafrica.com","/assets/Input-iVeBuOy1.js","8861.71","3951E6ED87E4CD6B78057BBDF112552B","https://carepro-training.ihmafrica.com/","200","Script","443","440","6930","6930.000218","643","643","897","","","application/javascript","gzip","74","HTTP/2","-1","-1","-1","-1","-1","-1","https://carepro-training.ihmafrica.com/assets/index-DlbAJsYZ.js","39","58223","script","High","High","","1891","0","0","100","-1","100","-1","-1","-1","-1","-1","-1","-1","643","0","","","","","0","","","6919","https://carepro-training.ihmafrica.com <https://ihmafrica.com same_site>","27","25","220","1","","","","","218","443","","","7373","6930","7370","7370","7373","3","6930","7373","443","15","16","1","0","non_blocking","","",
"3","240303_BiDcDC_4ER","8861.72","102.23.120.104","https://carepro-training.ihmafrica.com/assets/Password-pK16DQ7B.js","1","GET","carepro-training.ihmafrica.com","/assets/Password-pK16DQ7B.js","8861.72","3951E6ED87E4CD6B78057BBDF112552B","https://carepro-training.ihmafrica.com/","200","Script","476","472","6934","6934.000224","772","772","1118","","","application/javascript","gzip","74","HTTP/2","-1","-1","-1","-1","-1","-1","https://carepro-training.ihmafrica.com/assets/index-DlbAJsYZ.js","39","58223","script","High","High","","1900","0","0","100","-1","100","-1","-1","-1","-1","-1","-1","-1","772","0","","","","","0","","","6924","https://carepro-training.ihmafrica.com <https://ihmafrica.com same_site>","29","27","220","1","","","","","224","443","","","7410","6934","7406","7406","7410","4","6934","7410","476","16","17","1","0","non_blocking","","",
"3","240303_BiDcDC_4ER","8861.73","102.23.120.104","https://carepro-training.ihmafrica.com/assets/index.esm-whj-Fd8a.js","1","GET","carepro-training.ihmafrica.com","/assets/index.esm-whj-Fd8a.js","8861.73","3951E6ED87E4CD6B78057BBDF112552B","https://carepro-training.ihmafrica.com/","200","Script","469","465","6934","6934.00023","695","695","1712","","","application/javascript","gzip","74","HTTP/2","-1","-1","-1","-1","-1","-1","https://carepro-training.ihmafrica.com/assets/index-DlbAJsYZ.js","39","58223","script","High","High","","1903","0","0","100","-1","100","-1","-1","-1","-1","-1","-1","-1","695","0","","","","","0","","","6926","https://carepro-training.ihmafrica.com <https://ihmafrica.com same_site>","31","29","220","1","","","","","230","443","","","7403","6934","7399","7399","7403","4","6934","7403","469","17","18","1","0","non_blocking","","",
"3","240303_BiDcDC_4ER","8861.74","102.23.120.104","https://carepro-training.ihmafrica.com/assets/iconBase-UrxdjqDm.js","1","GET","carepro-training.ihmafrica.com","/assets/iconBase-UrxdjqDm.js","8861.74","3951E6ED87E4CD6B78057BBDF112552B","https://carepro-training.ihmafrica.com/","200","Script","460","457","6937","6937.000236","927","927","1450","","","application/javascript","gzip","74","HTTP/2","-1","-1","-1","-1","-1","-1","https://carepro-training.ihmafrica.com/assets/index-DlbAJsYZ.js","39","58223","script","High","High","","1900","0","0","100","-1","100","-1","-1","-1","-1","-1","-1","-1","927","0","","","","","0","","","6932","https://carepro-training.ihmafrica.com <https://ihmafrica.com same_site>","33","31","220","1","","","","","236","443","","","7397","6937","7394","7394","7397","3","6937","7397","460","18","19","1","0","non_blocking","","",
"3","240303_BiDcDC_4ER","8861.75","102.23.120.104","https://carepro-training.ihmafrica.com/assets/FormWrapper-lCDsyP_S.js","1","GET","carepro-training.ihmafrica.com","/assets/FormWrapper-lCDsyP_S.js","8861.75","3951E6ED87E4CD6B78057BBDF112552B","https://carepro-training.ihmafrica.com/","200","Script","471","467","6948","6948.000242","2136","2136","4713","","","application/javascript","gzip","74","HTTP/2","-1","-1","-1","-1","-1","-1","https://carepro-training.ihmafrica.com/assets/index-DlbAJsYZ.js","39","58223","script","High","High","","1909","0","0","100","-1","100","-1","-1","-1","-1","-1","-1","-1","2136","0","","","","","0","","","6937","https://carepro-training.ihmafrica.com <https://ihmafrica.com same_site>","35","33","220","1","","","","","242","443","","","7419","6948","7415","7415","7419","4","6948","7419","471","19","20","1","0","non_blocking","","",
"3","240303_BiDcDC_4ER","8861.76","102.23.120.104","https://carepro-training.ihmafrica.com/assets/logo-tzov922y.js","1","GET","carepro-training.ihmafrica.com","/assets/logo-tzov922y.js","8861.76","3951E6ED87E4CD6B78057BBDF112552B","https://carepro-training.ihmafrica.com/","200","Script","465","462","6949","6949.000248","1317","1317","3403","","","application/javascript","gzip","74","HTTP/2","-1","-1","-1","-1","-1","-1","https://carepro-training.ihmafrica.com/assets/index-DlbAJsYZ.js","39","58223","script","High","High","","1888","0","0","100","-1","100","-1","-1","-1","-1","-1","-1","-1","1317","0","","","","","0","","","6940","https://carepro-training.ihmafrica.com <https://ihmafrica.com same_site>","37","35","220","1","","","","","248","443","","","7414","6949","7411","7411","7414","3","6949","7414","465","20","21","1","0","non_blocking","","",
"3","240303_BiDcDC_4ER","8861.77","102.23.120.104","https://carepro-training.ihmafrica.com/assets/index.esm-zI7-PpnF.js","1","GET","carepro-training.ihmafrica.com","/assets/index.esm-zI7-PpnF.js","8861.77","3951E6ED87E4CD6B78057BBDF112552B","https://carepro-training.ihmafrica.com/","200","Script","832","831","6954","6954.000254","992","992","1996","","","application/javascript","gzip","74","HTTP/2","-1","-1","-1","-1","-1","-1","https://carepro-training.ihmafrica.com/assets/index-DlbAJsYZ.js","39","58223","script","High","High","","1903","0","0","100","-1","100","-1","-1","-1","-1","-1","-1","-1","992","0","","","","","0","","","6942","https://carepro-training.ihmafrica.com <https://ihmafrica.com same_site>","39","37","220","1","","","","","254","443","","","7786","6954","7785","7785","7786","1","6954","7786","832","21","22","1","0","non_blocking","","",
"3","240303_BiDcDC_4ER","8861.78","102.23.120.104","https://carepro-training.ihmafrica.com/assets/index.esm-q9z-pYoh.js","1","GET","carepro-training.ihmafrica.com","/assets/index.esm-q9z-pYoh.js","8861.78","3951E6ED87E4CD6B78057BBDF112552B","https://carepro-training.ihmafrica.com/","200","Script","828","827","6957","6957.00026","487","487","879","","","application/javascript","gzip","74","HTTP/2","-1","-1","-1","-1","-1","-1","https://carepro-training.ihmafrica.com/assets/index-DlbAJsYZ.js","39","58223","script","High","High","","1903","0","0","100","-1","100","-1","-1","-1","-1","-1","-1","-1","487","0","","","","","0","","","6945","https://carepro-training.ihmafrica.com <https://ihmafrica.com same_site>","41","39","220","1","","","","","260","443","","","7785","6957","7784","7784","7785","1","6957","7785","828","22","23","1","0","non_blocking","","",
"3","240303_BiDcDC_4ER","8861.79","102.23.120.104","https://carepro-training.ihmafrica.com/assets/index.esm-uDbI0D0T.js","1","GET","carepro-training.ihmafrica.com","/assets/index.esm-uDbI0D0T.js","8861.79","3951E6ED87E4CD6B78057BBDF112552B","https://carepro-training.ihmafrica.com/","200","Script","833","829","6957","6957.000266","1565","1565","3760","","","application/javascript","gzip","74","HTTP/2","-1","-1","-1","-1","-1","-1","https://carepro-training.ihmafrica.com/assets/index-DlbAJsYZ.js","39","58223","script","High","High","","1903","0","0","100","-1","100","-1","-1","-1","-1","-1","-1","-1","1565","0","","","","","0","","","6947","https://carepro-training.ihmafrica.com <https://ihmafrica.com same_site>","43","41","220","1","","","","","266","443","","","7790","6957","7786","7786","7790","4","6957","7790","833","23","24","1","0","non_blocking","","",
"3","240303_BiDcDC_4ER","8861.80","102.23.120.104","https://carepro-training.ihmafrica.com/assets/useWindow-4fDySqwh.js","1","GET","carepro-training.ihmafrica.com","/assets/useWindow-4fDySqwh.js","8861.80","3951E6ED87E4CD6B78057BBDF112552B","https://carepro-training.ihmafrica.com/","200","Script","818","817","6966","6966.000272","344","344","317","","","application/javascript","gzip","74","HTTP/2","-1","-1","-1","-1","-1","-1","https://carepro-training.ihmafrica.com/assets/index-DlbAJsYZ.js","39","58223","script","High","High","","1903","0","0","100","-1","100","-1","-1","-1","-1","-1","-1","-1","344","0","","","","","0","","","6951","https://carepro-training.ihmafrica.com <https://ihmafrica.com same_site>","45","43","220","1","","","","","272","443","","","7784","6966","7783","7783","7784","1","6966","7784","818","24","25","1","0","non_blocking","","",
"3","240303_BiDcDC_4ER","8861.81","102.23.120.104","https://carepro-training.ihmafrica.com/assets/index.esm-M5lMNFHV.js","1","GET","carepro-training.ihmafrica.com","/assets/index.esm-M5lMNFHV.js","8861.81","3951E6ED87E4CD6B78057BBDF112552B","https://carepro-training.ihmafrica.com/","200","Script","834","834","6966","6966.000278","1239","1239","2808","","","application/javascript","gzip","74","HTTP/2","-1","-1","-1","-1","-1","-1","https://carepro-training.ihmafrica.com/assets/index-DlbAJsYZ.js","39","58223","script","High","High","","1903","0","0","100","-1","100","-1","-1","-1","-1","-1","-1","-1","1239","0","","","","","0","","","6955","https://carepro-training.ihmafrica.com <https://ihmafrica.com same_site>","47","45","220","1","","","","","278","443","","","7800","6966","7800","7800","7800","0","6966","7800","834","25","26","1","0","non_blocking","","",
"3","240303_BiDcDC_4ER","8861.82","102.23.120.104","https://carepro-training.ihmafrica.com/assets/img/logo.png","1","GET","carepro-training.ihmafrica.com","/assets/img/logo.png","8861.82","3951E6ED87E4CD6B78057BBDF112552B","https://carepro-training.ihmafrica.com/","200","Image","500","451","7934","7934.000286","68737","68737","68737","","","image/png","","74","HTTP/2","-1","-1","-1","-1","-1","-1","","","","other","High","Low","","2071","0","0","-1","-1","100","-1","-1","100","-1","-1","-1","-1","","","","","68737","0","0","","","7933","https://carepro-training.ihmafrica.com <https://ihmafrica.com same_site>","49","0","147","1","","","","","286","443","","","8434","7934","8385","8385","8434","49","7934","8434","500","26","27","1","0","","","",
"3","240303_BiDcDC_4ER","8861.54","142.251.111.94","https://fonts.gstatic.com/s/poppins/v20/pxiByp8kv8JHgFVrLCz7Z1xlFd2JQEk.woff2","1","GET","fonts.gstatic.com","/s/poppins/v20/pxiByp8kv8JHgFVrLCz7Z1xlFd2JQEk.woff2","8861.54","3951E6ED87E4CD6B78057BBDF112552B","https://carepro-training.ihmafrica.com/","200","Font","198","178","8061","8061.000298","7816","7816","7816","Fri, 28 Feb 2025 06:37:19 GMT","public, max-age=31536000","font/woff2","","143","HTTP/2","-1","-1","-1","-1","-1","-1","https://fonts.googleapis.com/css2?family=Poppins:ital,wght@0,100;0,200;0,300;0,400;0,500;0,600;0,700;0,800;0,900;1,100;1,200;1,300;1,400;1,500;1,600;1,700;1,800;1,900&display=swap","","","parser","Highest","Highest","","2131","100","100","-1","-1","100","-1","-1","-1","-1","-1","-1","-1","","","","","","","31248565","Google","","8049","pm/https://fonts.gstatic.com <https://ihmafrica.com same_site>","3","0","256","1","","","","","298","443","","","8259","8061","8239","8239","8259","20","8061","8259","198","27","28","1","0","non_blocking","","",
"3","240303_BiDcDC_4ER","8861.48","142.251.111.94","https://fonts.gstatic.com/s/poppins/v20/pxiByp8kv8JHgFVrLGT9Z1xlFd2JQEk.woff2","1","GET","fonts.gstatic.com","/s/poppins/v20/pxiByp8kv8JHgFVrLGT9Z1xlFd2JQEk.woff2","8861.48","3951E6ED87E4CD6B78057BBDF112552B","https://carepro-training.ihmafrica.com/","200","Font","225","203","8062","8062.000308","7748","7748","7748","Fri, 28 Feb 2025 06:39:52 GMT","public, max-age=31536000","font/woff2","","143","HTTP/2","-1","-1","-1","-1","-1","-1","https://fonts.googleapis.com/css2?family=Poppins:ital,wght@0,100;0,200;0,300;0,400;0,500;0,600;0,700;0,800;0,900;1,100;1,200;1,300;1,400;1,500;1,600;1,700;1,800;1,900&display=swap","","","parser","Highest","Highest","","2131","100","100","-1","-1","100","-1","-1","-1","-1","-1","-1","-1","","","","","","","31248718","Google","","8050","pm/https://fonts.gstatic.com <https://ihmafrica.com same_site>","5","3","256","1","","","","","308","443","","","8287","8062","8265","8265","8287","22","8062","8287","225","28","29","1","0","non_blocking","","",
"3","240303_BiDcDC_4ER","8861.42","142.251.111.94","https://fonts.gstatic.com/s/poppins/v20/pxiByp8kv8JHgFVrLDz8Z1xlFd2JQEk.woff2","1","GET","fonts.gstatic.com","/s/poppins/v20/pxiByp8kv8JHgFVrLDz8Z1xlFd2JQEk.woff2","8861.42","3951E6ED87E4CD6B78057BBDF112552B","https://carepro-training.ihmafrica.com/","200","Font","248","222","8063","8063.000314","7840","7840","7840","Fri, 28 Feb 2025 06:24:54 GMT","public, max-age=31536000","font/woff2","","143","HTTP/2","-1","-1","-1","-1","-1","-1","https://fonts.googleapis.com/css2?family=Poppins:ital,wght@0,100;0,200;0,300;0,400;0,500;0,600;0,700;0,800;0,900;1,100;1,200;1,300;1,400;1,500;1,600;1,700;1,800;1,900&display=swap","","","parser","Highest","Highest","","2131","100","100","-1","-1","100","-1","-1","-1","-1","-1","-1","-1","","","","","","","31247820","Google","","8051","pm/https://fonts.gstatic.com <https://ihmafrica.com same_site>","7","5","256","1","","","","","314","443","","","8311","8063","8285","8285","8311","26","8063","8311","248","29","30","1","0","non_blocking","","",
"3","240303_BiDcDC_4ER","566863622E042D9178C509D8AA52D875","102.23.120.104","https://carepro-training.ihmafrica.com/","1","GET","carepro-training.ihmafrica.com","/","566863622E042D9178C509D8AA52D875","C37706BB064D44AB98D2667FBED72E6D","https://carepro-training.ihmafrica.com/","200","Document","863","863","1046","1046.000061","470","470","525","","","text/html","gzip","68","HTTP/2","168","168","168","600","601","1044","https://carepro-training.ihmafrica.com/assets/index-1r3pzco2.js","","","script","Highest","Highest","","2176","-1","-1","100","-1","100","-1","-1","-1","-1","0","432","443","470","0","","","","","","","","0","https://carepro-training.ihmafrica.com <https://ihmafrica.com same_site>","1","0","256","1","TLS 1.3","False","h2","4866","61","443","1","1","1909","1046","1909","1909","1909","0","168","1909","1738","0","1","2","0","","","",
"3","240303_BiDcDC_4ER","3338.2","102.23.120.104","https://carepro-training.ihmafrica.com/assets/index-DlbAJsYZ.js","1","GET","carepro-training.ihmafrica.com","/assets/index-DlbAJsYZ.js","3338.2","C37706BB064D44AB98D2667FBED72E6D","https://carepro-training.ihmafrica.com/","200","Script","1335","449","1971","1971.000097","85281","85281","265210","","","application/javascript","gzip","68","HTTP/2","-1","-1","-1","-1","-1","-1","https://carepro-training.ihmafrica.com/","7","","parser","High","High","","2047","0","0","100","-1","100","-1","-1","-1","-1","-1","-1","-1","85281","0","","","","","0","","","1969","https://carepro-training.ihmafrica.com <https://ihmafrica.com same_site>","5","3","220","1","","","","","97","443","","","3306","1971","2420","2420","3306","886","1971","3306","1335","1","2","2","0","non_blocking","420","420",
"3","240303_BiDcDC_4ER","3338.3","102.23.120.104","https://carepro-training.ihmafrica.com/assets/index-0ohbmGHq.css","1","GET","carepro-training.ihmafrica.com","/assets/index-0ohbmGHq.css","3338.3","C37706BB064D44AB98D2667FBED72E6D","https://carepro-training.ihmafrica.com/","200","Stylesheet","1362","1345","1971","1971.000103","24520","24520","154473","","","text/css","gzip","68","HTTP/2","-1","-1","-1","-1","-1","-1","https://carepro-training.ihmafrica.com/","8","","parser","Highest","Highest","","2092","0","0","100","-1","100","-1","-1","-1","-1","-1","-1","-1","24520","0","","","","","0","","","1971","https://carepro-training.ihmafrica.com <https://ihmafrica.com same_site>","3","0","256","1","","","","","103","443","","","3333","1971","3316","3316","3333","17","1971","3333","1362","2","3","2","0","blocking","","",
"3","240303_BiDcDC_4ER","3338.6","142.251.16.95","https://fonts.googleapis.com/css2?family=Poppins:ital,wght@0,100;0,200;0,300;0,400;0,500;0,600;0,700;0,800;0,900;1,100;1,200;1,300;1,400;1,500;1,600;1,700;1,800;1,900&display=swap","1","GET","fonts.googleapis.com","/css2?family=Poppins:ital,wght@0,100;0,200;0,300;0,400;0,500;0,600;0,700;0,800;0,900;1,100;1,200;1,300;1,400;1,500;1,600;1,700;1,800;1,900&display=swap","3338.6","C37706BB064D44AB98D2667FBED72E6D","https://carepro-training.ihmafrica.com/","200","Stylesheet","186","183","3903","3903.000111","1335","1335","20928","Sun, 03 Mar 2024 14:27:50 GMT","private, max-age=86400, stale-while-revalidate=604800","text/css","gzip","127","HTTP/2","3548","3548","3548","3721","3721","3903","https://carepro-training.ihmafrica.com/assets/index-0ohbmGHq.css","0","","parser","Highest","Highest","","2374","50","100","100","-1","100","-1","-1","-1","-1","0","173","182","1347","0","","","","","86400","Google","","3374","https://fonts.googleapis.com <https://ihmafrica.com same_site>","1","0","256","1","TLS 1.3","False","h2","4865","111","443","","","4089","3903","4086","4086","4089","3","3548","4089","541","3","4","2","0","blocking","","",
"3","240303_BiDcDC_4ER","3338.61","102.23.120.104","https://carepro-training.ihmafrica.com/assets/index-1r3pzco2.js","1","GET","carepro-training.ihmafrica.com","/assets/index-1r3pzco2.js","3338.61","C37706BB064D44AB98D2667FBED72E6D","https://carepro-training.ihmafrica.com/","200","Script","438","436","4267","4267.000138","4545","4545","11243","","","application/javascript","gzip","68","HTTP/2","-1","-1","-1","-1","-1","-1","https://carepro-training.ihmafrica.com/assets/index-DlbAJsYZ.js","72","44098","script","High","High","","2119","0","0","100","-1","100","-1","-1","-1","-1","-1","-1","-1","4545","0","","","","","0","","","4263","https://carepro-training.ihmafrica.com <https://ihmafrica.com same_site>","7","0","220","1","","","","","138","443","","","4705","4267","4703","4703","4705","2","4267","4705","438","4","5","2","0","non_blocking","","",
"3","240303_BiDcDC_4ER","3338.62","102.23.120.104","https://carepro-training.ihmafrica.com/assets/index-GspsHL8z.js","1","GET","carepro-training.ihmafrica.com","/assets/index-GspsHL8z.js","3338.62","C37706BB064D44AB98D2667FBED72E6D","https://carepro-training.ihmafrica.com/","200","Script","439","439","4267","4267.000144","1111","1111","1630","","","application/javascript","gzip","68","HTTP/2","-1","-1","-1","-1","-1","-1","https://carepro-training.ihmafrica.com/assets/index-DlbAJsYZ.js","72","43988","script","High","High","","2119","0","0","100","-1","100","-1","-1","-1","-1","-1","-1","-1","1111","0","","","","","0","","","4265","https://carepro-training.ihmafrica.com <https://ihmafrica.com same_site>","9","7","220","1","","","","","144","443","","","4706","4267","4706","4706","4706","0","4267","4706","439","5","6","2","0","non_blocking","","",
"3","240303_BiDcDC_4ER","3338.63","102.23.120.104","https://carepro-training.ihmafrica.com/Logo.ico","1","GET","carepro-training.ihmafrica.com","/Logo.ico","3338.63","C37706BB064D44AB98D2667FBED72E6D","https://carepro-training.ihmafrica.com/","200","Other","1783","453","4267","4267.00015","233534","233534","233534","","","image/x-icon","","68","HTTP/2","-1","-1","-1","-1","-1","-1","","","","other","High","High","","2038","0","0","31","-1","100","-1","-1","-1","-1","-1","-1","-1","233534","160877","","","","","0","","","4266","https://carepro-training.ihmafrica.com <https://ihmafrica.com same_site>","11","9","220","1","","","","","150","443","","","6050","4267","4720","4720","6050","1330","4267","6050","1783","6","7","2","0","","","",
"3","240303_BiDcDC_4ER","3338.45","172.253.63.94","https://fonts.gstatic.com/s/poppins/v20/pxiEyp8kv8JHgFVrJJfecnFHGPc.woff2","1","GET","fonts.gstatic.com","/s/poppins/v20/pxiEyp8kv8JHgFVrJJfecnFHGPc.woff2","3338.45","C37706BB064D44AB98D2667FBED72E6D","https://carepro-training.ihmafrica.com/","200","Font","184","174","4629","4629.000164","7884","7884","7884","Fri, 28 Feb 2025 22:32:45 GMT","public, max-age=31536000","font/woff2","","161","HTTP/2","4307","4307","4275","4447","4448","4629","https://fonts.googleapis.com/css2?family=Poppins:ital,wght@0,100;0,200;0,300;0,400;0,500;0,600;0,700;0,800;0,900;1,100;1,200;1,300;1,400;1,500;1,600;1,700;1,800;1,900&display=swap","","","parser","Highest","Highest","","2119","100","100","-1","-1","100","-1","-1","-1","-1","0","172","181","","","","","","","31305894","Google","","4316","pm/https://fonts.gstatic.com <https://ihmafrica.com same_site>","1","0","256","1","TLS 1.3","False","h2","4865","164","443","","","4813","4629","4803","4803","4813","10","4275","4813","537","7","8","2","0","non_blocking","","",
"3","240303_BiDcDC_4ER","3338.64","102.23.120.104","https://carepro-training.ihmafrica.com/assets/LoadRouter-WfYKlAWs.js","1","GET","carepro-training.ihmafrica.com","/assets/LoadRouter-WfYKlAWs.js","3338.64","C37706BB064D44AB98D2667FBED72E6D","https://carepro-training.ihmafrica.com/","200","Script","1316","1297","4730","4730.000174","36564","36564","124413","","","application/javascript","gzip","68","HTTP/2","-1","-1","-1","-1","-1","-1","https://carepro-training.ihmafrica.com/assets/index-DlbAJsYZ.js","72","43931","script","High","High","","2134","0","0","100","-1","100","-1","-1","-1","-1","-1","-1","-1","36564","0","","","","","0","","","4728","https://carepro-training.ihmafrica.com <https://ihmafrica.com same_site>","13","11","220","1","","","","","174","443","","","6046","4730","6027","6027","6046","19","4730","6046","1316","8","9","2","0","non_blocking","","",
"3","240303_BiDcDC_4ER","3338.65","102.23.120.104","https://carepro-training.ihmafrica.com/assets/PublicGuard-alCPlwsB.js","1","GET","carepro-training.ihmafrica.com","/assets/PublicGuard-alCPlwsB.js","3338.65","C37706BB064D44AB98D2667FBED72E6D","https://carepro-training.ihmafrica.com/","200","Script","433","433","6311","6311.000182","343","343","347","","","application/javascript","gzip","68","HTTP/2","-1","-1","-1","-1","-1","-1","https://carepro-training.ihmafrica.com/assets/index-DlbAJsYZ.js","39","58223","script","High","High","","1909","0","0","100","-1","100","-1","-1","-1","-1","-1","-1","-1","343","0","","","","","0","","","6310","https://carepro-training.ihmafrica.com <https://ihmafrica.com same_site>","15","0","220","1","","","","","182","443","","","6744","6311","6744","6744","6744","0","6311","6744","433","9","10","2","0","non_blocking","","",
"3","240303_BiDcDC_4ER","3338.66","102.23.120.104","https://carepro-training.ihmafrica.com/assets/useAuthentication-_t-fUydq.js","1","GET","carepro-training.ihmafrica.com","/assets/useAuthentication-_t-fUydq.js","3338.66","C37706BB064D44AB98D2667FBED72E6D","https://carepro-training.ihmafrica.com/","200","Script","865","863","6312","6312.000188","247","247","139","","","application/javascript","gzip","68","HTTP/2","-1","-1","-1","-1","-1","-1","https://carepro-training.ihmafrica.com/assets/index-DlbAJsYZ.js","39","58223","script","High","High","","1927","0","0","100","-1","100","-1","-1","-1","-1","-1","-1","-1","247","0","","","","","0","","","6311","https://carepro-training.ihmafrica.com <https://ihmafrica.com same_site>","17","15","220","1","","","","","188","443","","","7177","6312","7175","7175","7177","2","6312","7177","865","10","11","2","0","non_blocking","","",
"3","240303_BiDcDC_4ER","3338.67","102.23.120.104","https://carepro-training.ihmafrica.com/assets/UserLogin-kJrWfe3t.js","1","GET","carepro-training.ihmafrica.com","/assets/UserLogin-kJrWfe3t.js","3338.67","C37706BB064D44AB98D2667FBED72E6D","https://carepro-training.ihmafrica.com/","200","Script","462","461","7245","7245.000196","1690","1690","3764","","","application/javascript","gzip","68","HTTP/2","-1","-1","-1","-1","-1","-1","https://carepro-training.ihmafrica.com/assets/index-DlbAJsYZ.js","39","58223","script","High","High","","1903","0","0","100","-1","100","-1","-1","-1","-1","-1","-1","-1","1690","0","","","","","0","","","7237","https://carepro-training.ihmafrica.com <https://ihmafrica.com same_site>","19","0","220","1","","","","","196","443","","","7707","7245","7706","7706","7707","1","7245","7707","462","11","12","2","0","non_blocking","","",
"3","240303_BiDcDC_4ER","3338.68","102.23.120.104","https://carepro-training.ihmafrica.com/assets/SubmitButton-HbZYvIMm.js","1","GET","carepro-training.ihmafrica.com","/assets/SubmitButton-HbZYvIMm.js","3338.68","C37706BB064D44AB98D2667FBED72E6D","https://carepro-training.ihmafrica.com/","200","Script","435","435","7272","7272.000202","351","351","332","","","application/javascript","gzip","68","HTTP/2","-1","-1","-1","-1","-1","-1","https://carepro-training.ihmafrica.com/assets/index-DlbAJsYZ.js","39","58223","script","High","High","","1912","0","0","100","-1","100","-1","-1","-1","-1","-1","-1","-1","351","0","","","","","0","","","7238","https://carepro-training.ihmafrica.com <https://ihmafrica.com same_site>","21","19","220","1","","","","","202","443","","","7707","7272","7707","7707","7707","0","7272","7707","435","12","13","2","0","non_blocking","","",
"3","240303_BiDcDC_4ER","3338.69","102.23.120.104","https://carepro-training.ihmafrica.com/assets/cn-bD5gqaN6.js","1","GET","carepro-training.ihmafrica.com","/assets/cn-bD5gqaN6.js","3338.69","C37706BB064D44AB98D2667FBED72E6D","https://carepro-training.ihmafrica.com/","200","Script","445","441","7272","7272.000208","6837","6837","20728","","","application/javascript","gzip","68","HTTP/2","-1","-1","-1","-1","-1","-1","https://carepro-training.ihmafrica.com/assets/index-DlbAJsYZ.js","39","58223","script","High","High","","1882","0","0","100","-1","100","-1","-1","-1","-1","-1","-1","-1","6837","0","","","","","0","","","7239","https://carepro-training.ihmafrica.com <https://ihmafrica.com same_site>","23","21","220","1","","","","","208","443","","","7717","7272","7713","7713","7717","4","7272","7717","445","13","14","2","0","non_blocking","","",
"3","240303_BiDcDC_4ER","3338.70","102.23.120.104","https://carepro-training.ihmafrica.com/assets/Checkbox-fG0akycJ.js","1","GET","carepro-training.ihmafrica.com","/assets/Checkbox-fG0akycJ.js","3338.70","C37706BB064D44AB98D2667FBED72E6D","https://carepro-training.ihmafrica.com/","200","Script","446","446","7272","7272.000214","614","614","858","","","application/javascript","gzip","68","HTTP/2","-1","-1","-1","-1","-1","-1","https://carepro-training.ihmafrica.com/assets/index-DlbAJsYZ.js","39","58223","script","High","High","","1900","0","0","100","-1","100","-1","-1","-1","-1","-1","-1","-1","614","0","","","","","0","","","7239","https://carepro-training.ihmafrica.com <https://ihmafrica.com same_site>","25","23","220","1","","","","","214","443","","","7718","7272","7718","7718","7718","0","7272","7718","446","14","15","2","0","non_blocking","","",
"3","240303_BiDcDC_4ER","3338.71","102.23.120.104","https://carepro-training.ihmafrica.com/assets/Input-iVeBuOy1.js","1","GET","carepro-training.ihmafrica.com","/assets/Input-iVeBuOy1.js","3338.71","C37706BB064D44AB98D2667FBED72E6D","https://carepro-training.ihmafrica.com/","200","Script","449","445","7273","7273.00022","643","643","897","","","application/javascript","gzip","68","HTTP/2","-1","-1","-1","-1","-1","-1","https://carepro-training.ihmafrica.com/assets/index-DlbAJsYZ.js","39","58223","script","High","High","","1891","0","0","100","-1","100","-1","-1","-1","-1","-1","-1","-1","643","0","","","","","0","","","7243","https://carepro-training.ihmafrica.com <https://ihmafrica.com same_site>","27","25","220","1","","","","","220","443","","","7722","7273","7718","7718","7722","4","7273","7722","449","15","16","2","0","non_blocking","","",
"3","240303_BiDcDC_4ER","3338.72","102.23.120.104","https://carepro-training.ihmafrica.com/assets/Password-pK16DQ7B.js","1","GET","carepro-training.ihmafrica.com","/assets/Password-pK16DQ7B.js","3338.72","C37706BB064D44AB98D2667FBED72E6D","https://carepro-training.ihmafrica.com/","200","Script","450","450","7273","7273.000226","772","772","1118","","","application/javascript","gzip","68","HTTP/2","-1","-1","-1","-1","-1","-1","https://carepro-training.ihmafrica.com/assets/index-DlbAJsYZ.js","39","58223","script","High","High","","1900","0","0","100","-1","100","-1","-1","-1","-1","-1","-1","-1","772","0","","","","","0","","","7246","https://carepro-training.ihmafrica.com <https://ihmafrica.com same_site>","29","27","220","1","","","","","226","443","","","7723","7273","7723","7723","7723","0","7273","7723","450","16","17","2","0","non_blocking","","",
"3","240303_BiDcDC_4ER","3338.73","102.23.120.104","https://carepro-training.ihmafrica.com/assets/index.esm-whj-Fd8a.js","1","GET","carepro-training.ihmafrica.com","/assets/index.esm-whj-Fd8a.js","3338.73","C37706BB064D44AB98D2667FBED72E6D","https://carepro-training.ihmafrica.com/","200","Script","451","451","7273","7273.000232","695","695","1712","","","application/javascript","gzip","68","HTTP/2","-1","-1","-1","-1","-1","-1","https://carepro-training.ihmafrica.com/assets/index-DlbAJsYZ.js","39","58223","script","High","High","","1903","0","0","100","-1","100","-1","-1","-1","-1","-1","-1","-1","695","0","","","","","0","","","7248","https://carepro-training.ihmafrica.com <https://ihmafrica.com same_site>","31","29","220","1","","","","","232","443","","","7724","7273","7724","7724","7724","0","7273","7724","451","17","18","2","0","non_blocking","","",
"3","240303_BiDcDC_4ER","3338.74","102.23.120.104","https://carepro-training.ihmafrica.com/assets/iconBase-UrxdjqDm.js","1","GET","carepro-training.ihmafrica.com","/assets/iconBase-UrxdjqDm.js","3338.74","C37706BB064D44AB98D2667FBED72E6D","https://carepro-training.ihmafrica.com/","200","Script","452","451","7273","7273.000238","927","927","1450","","","application/javascript","gzip","68","HTTP/2","-1","-1","-1","-1","-1","-1","https://carepro-training.ihmafrica.com/assets/index-DlbAJsYZ.js","39","58223","script","High","High","","1900","0","0","100","-1","100","-1","-1","-1","-1","-1","-1","-1","927","0","","","","","0","","","7250","https://carepro-training.ihmafrica.com <https://ihmafrica.com same_site>","33","31","220","1","","","","","238","443","","","7725","7273","7724","7724","7725","1","7273","7725","452","18","19","2","0","non_blocking","","",
"3","240303_BiDcDC_4ER","3338.75","102.23.120.104","https://carepro-training.ihmafrica.com/assets/FormWrapper-lCDsyP_S.js","1","GET","carepro-training.ihmafrica.com","/assets/FormWrapper-lCDsyP_S.js","3338.75","C37706BB064D44AB98D2667FBED72E6D","https://carepro-training.ihmafrica.com/","200","Script","456","453","7273","7273.000244","1787","1787","4713","","","application/javascript","gzip","68","HTTP/2","-1","-1","-1","-1","-1","-1","https://carepro-training.ihmafrica.com/assets/index-DlbAJsYZ.js","39","58223","script","High","High","","1909","0","0","100","-1","100","-1","-1","-1","-1","-1","-1","-1","1787","0","","","","","0","","","7252","https://carepro-training.ihmafrica.com <https://ihmafrica.com same_site>","35","33","220","1","","","","","244","443","","","7729","7273","7726","7726","7729","3","7273","7729","456","19","20","2","0","non_blocking","","",
"3","240303_BiDcDC_4ER","3338.76","102.23.120.104","https://carepro-training.ihmafrica.com/assets/logo-tzov922y.js","1","GET","carepro-training.ihmafrica.com","/assets/logo-tzov922y.js","3338.76","C37706BB064D44AB98D2667FBED72E6D","https://carepro-training.ihmafrica.com/","200","Script","864","864","7273","7273.00025","1076","1076","3403","","","application/javascript","gzip","68","HTTP/2","-1","-1","-1","-1","-1","-1","https://carepro-training.ihmafrica.com/assets/index-DlbAJsYZ.js","39","58223","script","High","High","","1888","0","0","100","-1","100","-1","-1","-1","-1","-1","-1","-1","1076","0","","","","","0","","","7254","https://carepro-training.ihmafrica.com <https://ihmafrica.com same_site>","37","35","220","1","","","","","250","443","","","8137","7273","8137","8137","8137","0","7273","8137","864","20","21","2","0","non_blocking","","",
"3","240303_BiDcDC_4ER","3338.77","102.23.120.104","https://carepro-training.ihmafrica.com/assets/index.esm-zI7-PpnF.js","1","GET","carepro-training.ihmafrica.com","/assets/index.esm-zI7-PpnF.js","3338.77","C37706BB064D44AB98D2667FBED72E6D","https://carepro-training.ihmafrica.com/","200","Script","865","865","7274","7274.000256","992","992","1996","","","application/javascript","gzip","68","HTTP/2","-1","-1","-1","-1","-1","-1","https://carepro-training.ihmafrica.com/assets/index-DlbAJsYZ.js","39","58223","script","High","High","","1903","0","0","100","-1","100","-1","-1","-1","-1","-1","-1","-1","992","0","","","","","0","","","7266","https://carepro-training.ihmafrica.com <https://ihmafrica.com same_site>","39","37","220","1","","","","","256","443","","","8139","7274","8139","8139","8139","0","7274","8139","865","21","22","2","0","non_blocking","","",
"3","240303_BiDcDC_4ER","3338.78","102.23.120.104","https://carepro-training.ihmafrica.com/assets/index.esm-q9z-pYoh.js","1","GET","carepro-training.ihmafrica.com","/assets/index.esm-q9z-pYoh.js","3338.78","C37706BB064D44AB98D2667FBED72E6D","https://carepro-training.ihmafrica.com/","200","Script","867","865","7274","7274.000262","487","487","879","","","application/javascript","gzip","68","HTTP/2","-1","-1","-1","-1","-1","-1","https://carepro-training.ihmafrica.com/assets/index-DlbAJsYZ.js","39","58223","script","High","High","","1903","0","0","100","-1","100","-1","-1","-1","-1","-1","-1","-1","487","0","","","","","0","","","7269","https://carepro-training.ihmafrica.com <https://ihmafrica.com same_site>","41","39","220","1","","","","","262","443","","","8141","7274","8139","8139","8141","2","7274","8141","867","22","23","2","0","non_blocking","","",
"3","240303_BiDcDC_4ER","3338.79","102.23.120.104","https://carepro-training.ihmafrica.com/assets/index.esm-uDbI0D0T.js","1","GET","carepro-training.ihmafrica.com","/assets/index.esm-uDbI0D0T.js","3338.79","C37706BB064D44AB98D2667FBED72E6D","https://carepro-training.ihmafrica.com/","200","Script","871","870","7274","7274.000268","1184","1184","3760","","","application/javascript","gzip","68","HTTP/2","-1","-1","-1","-1","-1","-1","https://carepro-training.ihmafrica.com/assets/index-DlbAJsYZ.js","39","58223","script","High","High","","1903","0","0","100","-1","100","-1","-1","-1","-1","-1","-1","-1","1184","0","","","","","0","","","7270","https://carepro-training.ihmafrica.com <https://ihmafrica.com same_site>","43","41","220","1","","","","","268","443","","","8145","7274","8144","8144","8145","1","7274","8145","871","23","24","2","0","non_blocking","","",
"3","240303_BiDcDC_4ER","3338.80","102.23.120.104","https://carepro-training.ihmafrica.com/assets/useWindow-4fDySqwh.js","1","GET","carepro-training.ihmafrica.com","/assets/useWindow-4fDySqwh.js","3338.80","C37706BB064D44AB98D2667FBED72E6D","https://carepro-training.ihmafrica.com/","200","Script","875","872","7274","7274.000274","344","344","317","","","application/javascript","gzip","68","HTTP/2","-1","-1","-1","-1","-1","-1","https://carepro-training.ihmafrica.com/assets/index-DlbAJsYZ.js","39","58223","script","High","High","","1903","0","0","100","-1","100","-1","-1","-1","-1","-1","-1","-1","344","0","","","","","0","","","7271","https://carepro-training.ihmafrica.com <https://ihmafrica.com same_site>","45","43","220","1","","","","","274","443","","","8149","7274","8146","8146","8149","3","7274","8149","875","24","25","2","0","non_blocking","","",
"3","240303_BiDcDC_4ER","3338.81","102.23.120.104","https://carepro-training.ihmafrica.com/assets/index.esm-M5lMNFHV.js","1","GET","carepro-training.ihmafrica.com","/assets/index.esm-M5lMNFHV.js","3338.81","C37706BB064D44AB98D2667FBED72E6D","https://carepro-training.ihmafrica.com/","200","Script","883","875","7274","7274.00028","902","902","2808","","","application/javascript","gzip","68","HTTP/2","-1","-1","-1","-1","-1","-1","https://carepro-training.ihmafrica.com/assets/index-DlbAJsYZ.js","39","58223","script","High","High","","1903","0","0","100","-1","100","-1","-1","-1","-1","-1","-1","-1","902","0","","","","","0","","","7271","https://carepro-training.ihmafrica.com <https://ihmafrica.com same_site>","47","45","220","1","","","","","280","443","","","8157","7274","8149","8149","8157","8","7274","8157","883","25","26","2","0","non_blocking","","",
"3","240303_BiDcDC_4ER","3338.82","102.23.120.104","https://carepro-training.ihmafrica.com/assets/img/logo.png","1","GET","carepro-training.ihmafrica.com","/assets/img/logo.png","3338.82","C37706BB064D44AB98D2667FBED72E6D","https://carepro-training.ihmafrica.com/","200","Image","496","448","8286","8286.000286","68737","68737","68737","","","image/png","","68","HTTP/2","-1","-1","-1","-1","-1","-1","","","","other","High","Low","","2071","0","0","-1","-1","100","-1","-1","100","-1","-1","-1","-1","","","","","68737","0","0","","","8285","https://carepro-training.ihmafrica.com <https://ihmafrica.com same_site>","49","0","147","1","","","","","286","443","","","8782","8286","8734","8734","8782","48","8286","8782","496","26","27","2","0","","","",
"3","240303_BiDcDC_4ER","3338.54","172.253.63.94","https://fonts.gstatic.com/s/poppins/v20/pxiByp8kv8JHgFVrLCz7Z1xlFd2JQEk.woff2","1","GET","fonts.gstatic.com","/s/poppins/v20/pxiByp8kv8JHgFVrLCz7Z1xlFd2JQEk.woff2","3338.54","C37706BB064D44AB98D2667FBED72E6D","https://carepro-training.ihmafrica.com/","200","Font","192","173","8398","8398.0003","7816","7816","7816","Sat, 01 Mar 2025 02:00:28 GMT","public, max-age=31536000","font/woff2","","161","HTTP/2","-1","-1","-1","-1","-1","-1","https://fonts.googleapis.com/css2?family=Poppins:ital,wght@0,100;0,200;0,300;0,400;0,500;0,600;0,700;0,800;0,900;1,100;1,200;1,300;1,400;1,500;1,600;1,700;1,800;1,900&display=swap","","","parser","Highest","Highest","","2131","100","100","-1","-1","100","-1","-1","-1","-1","-1","-1","-1","","","","","","","31318353","Google","","8396","pm/https://fonts.gstatic.com <https://ihmafrica.com same_site>","3","0","256","1","","","","","300","443","","","8590","8398","8571","8571","8590","19","8398","8590","192","27","28","2","0","non_blocking","","",
"3","240303_BiDcDC_4ER","3338.48","172.253.63.94","https://fonts.gstatic.com/s/poppins/v20/pxiByp8kv8JHgFVrLGT9Z1xlFd2JQEk.woff2","1","GET","fonts.gstatic.com","/s/poppins/v20/pxiByp8kv8JHgFVrLGT9Z1xlFd2JQEk.woff2","3338.48","C37706BB064D44AB98D2667FBED72E6D","https://carepro-training.ihmafrica.com/","200","Font","221","199","8398","8398.00031","7748","7748","7748","Fri, 28 Feb 2025 22:27:21 GMT","public, max-age=31536000","font/woff2","","161","HTTP/2","-1","-1","-1","-1","-1","-1","https://fonts.googleapis.com/css2?family=Poppins:ital,wght@0,100;0,200;0,300;0,400;0,500;0,600;0,700;0,800;0,900;1,100;1,200;1,300;1,400;1,500;1,600;1,700;1,800;1,900&display=swap","","","parser","Highest","Highest","","2131","100","100","-1","-1","100","-1","-1","-1","-1","-1","-1","-1","","","","","","","31305566","Google","","8397","pm/https://fonts.gstatic.com <https://ihmafrica.com same_site>","5","3","256","1","","","","","310","443","","","8619","8398","8597","8597","8619","22","8398","8619","221","28","29","2","0","non_blocking","","",
"3","240303_BiDcDC_4ER","3338.42","172.253.63.94","https://fonts.gstatic.com/s/poppins/v20/pxiByp8kv8JHgFVrLDz8Z1xlFd2JQEk.woff2","1","GET","fonts.gstatic.com","/s/poppins/v20/pxiByp8kv8JHgFVrLDz8Z1xlFd2JQEk.woff2","3338.42","C37706BB064D44AB98D2667FBED72E6D","https://carepro-training.ihmafrica.com/","200","Font","243","218","8398","8398.000316","7840","7840","7840","Sat, 01 Mar 2025 02:00:28 GMT","public, max-age=31536000","font/woff2","","161","HTTP/2","-1","-1","-1","-1","-1","-1","https://fonts.googleapis.com/css2?family=Poppins:ital,wght@0,100;0,200;0,300;0,400;0,500;0,600;0,700;0,800;0,900;1,100;1,200;1,300;1,400;1,500;1,600;1,700;1,800;1,900&display=swap","","","parser","Highest","Highest","","2131","100","100","-1","-1","100","-1","-1","-1","-1","-1","-1","-1","","","","","","","31318353","Google","","8397","pm/https://fonts.gstatic.com <https://ihmafrica.com same_site>","7","5","256","1","","","","","316","443","","","8641","8398","8616","8616","8641","25","8398","8641","243","29","30","2","0","non_blocking","","",
"3","240303_BiDcDC_4ER","88C340184F606C1CB89E916A3A09A459","102.23.120.104","https://carepro-training.ihmafrica.com/","1","GET","carepro-training.ihmafrica.com","/","88C340184F606C1CB89E916A3A09A459","6816A2E5242760C0B6A704A22FEA5C6F","https://carepro-training.ihmafrica.com/","200","Document","870","870","1074","1074.000061","470","470","525","","","text/html","gzip","74","HTTP/2","190","190","190","626","626","1074","https://carepro-training.ihmafrica.com/assets/index-1r3pzco2.js","","","script","Highest","Highest","","2176","-1","-1","100","-1","100","-1","-1","-1","-1","0","436","448","470","0","","","","","","","","0","https://carepro-training.ihmafrica.com <https://ihmafrica.com same_site>","1","0","256","1","TLS 1.3","False","h2","4866","61","443","1","1","1944","1074","1944","1944","1944","0","190","1944","1754","0","1","3","0","","","",
"3","240303_BiDcDC_4ER","27901.2","102.23.120.104","https://carepro-training.ihmafrica.com/assets/index-DlbAJsYZ.js","1","GET","carepro-training.ihmafrica.com","/assets/index-DlbAJsYZ.js","27901.2","6816A2E5242760C0B6A704A22FEA5C6F","https://carepro-training.ihmafrica.com/","200","Script","1372","895","1974","1974.000097","85281","85281","265210","","","application/javascript","gzip","74","HTTP/2","-1","-1","-1","-1","-1","-1","https://carepro-training.ihmafrica.com/","7","","parser","High","High","","2047","0","0","100","-1","100","-1","-1","-1","-1","-1","-1","-1","85281","0","","","","","0","","","1973","https://carepro-training.ihmafrica.com <https://ihmafrica.com same_site>","5","3","220","1","","","","","97","443","","","3346","1974","2869","2869","3346","477","1974","3346","1372","1","2","3","0","non_blocking","548","548",
"3","240303_BiDcDC_4ER","27901.3","102.23.120.104","https://carepro-training.ihmafrica.com/assets/index-0ohbmGHq.css","1","GET","carepro-training.ihmafrica.com","/assets/index-0ohbmGHq.css","27901.3","6816A2E5242760C0B6A704A22FEA5C6F","https://carepro-training.ihmafrica.com/","200","Stylesheet","878","450","1975","1975.000103","24520","24520","154473","","","text/css","gzip","74","HTTP/2","-1","-1","-1","-1","-1","-1","https://carepro-training.ihmafrica.com/","8","","parser","Highest","Highest","","2092","0","0","100","-1","100","-1","-1","-1","-1","-1","-1","-1","24520","0","","","","","0","","","1974","https://carepro-training.ihmafrica.com <https://ihmafrica.com same_site>","3","0","256","1","","","","","103","443","","","2853","1975","2425","2425","2853","428","1975","2853","878","2","3","3","0","blocking","","",
"3","240303_BiDcDC_4ER","27901.6","142.251.16.95","https://fonts.googleapis.com/css2?family=Poppins:ital,wght@0,100;0,200;0,300;0,400;0,500;0,600;0,700;0,800;0,900;1,100;1,200;1,300;1,400;1,500;1,600;1,700;1,800;1,900&display=swap","1","GET","fonts.googleapis.com","/css2?family=Poppins:ital,wght@0,100;0,200;0,300;0,400;0,500;0,600;0,700;0,800;0,900;1,100;1,200;1,300;1,400;1,500;1,600;1,700;1,800;1,900&display=swap","27901.6","6816A2E5242760C0B6A704A22FEA5C6F","https://carepro-training.ihmafrica.com/","200","Stylesheet","189","185","3395","3395.000111","1180","1180","20928","Sun, 03 Mar 2024 14:27:50 GMT","private, max-age=86400, stale-while-revalidate=604800","text/css","gzip","125","HTTP/2","3032","3032","3040","3212","3212","3394","https://carepro-training.ihmafrica.com/assets/index-0ohbmGHq.css","0","","parser","Highest","Highest","","2374","50","100","100","-1","100","-1","-1","-1","-1","0","172","182","1347","0","","","","","86400","Google","","2865","https://fonts.googleapis.com <https://ihmafrica.com same_site>","1","0","256","1","TLS 1.3","False","h2","4865","111","443","","","3584","3395","3580","3580","3584","4","3040","3584","543","3","4","3","0","blocking","","",
"3","240303_BiDcDC_4ER","27901.61","102.23.120.104","https://carepro-training.ihmafrica.com/assets/index-1r3pzco2.js","1","GET","carepro-training.ihmafrica.com","/assets/index-1r3pzco2.js","27901.61","6816A2E5242760C0B6A704A22FEA5C6F","https://carepro-training.ihmafrica.com/","200","Script","443","442","3810","3810.000144","5461","5461","11243","","","application/javascript","gzip","74","HTTP/2","-1","-1","-1","-1","-1","-1","https://carepro-training.ihmafrica.com/assets/index-DlbAJsYZ.js","72","44098","script","High","High","","2119","0","0","100","-1","100","-1","-1","-1","-1","-1","-1","-1","5461","0","","","","","0","","","3808","https://carepro-training.ihmafrica.com <https://ihmafrica.com same_site>","7","0","220","1","","","","","144","443","","","4253","3810","4252","4252","4253","1","3810","4253","443","4","5","3","0","non_blocking","","",
"3","240303_BiDcDC_4ER","27901.62","102.23.120.104","https://carepro-training.ihmafrica.com/assets/index-GspsHL8z.js","1","GET","carepro-training.ihmafrica.com","/assets/index-GspsHL8z.js","27901.62","6816A2E5242760C0B6A704A22FEA5C6F","https://carepro-training.ihmafrica.com/","200","Script","498","496","3810","3810.00015","1111","1111","1630","","","application/javascript","gzip","74","HTTP/2","-1","-1","-1","-1","-1","-1","https://carepro-training.ihmafrica.com/assets/index-DlbAJsYZ.js","72","43988","script","High","High","","2119","0","0","100","-1","100","-1","-1","-1","-1","-1","-1","-1","1111","0","","","","","0","","","3809","https://carepro-training.ihmafrica.com <https://ihmafrica.com same_site>","9","7","220","1","","","","","150","443","","","4308","3810","4306","4306","4308","2","3810","4308","498","5","6","3","0","non_blocking","","",
"3","240303_BiDcDC_4ER","27901.63","102.23.120.104","https://carepro-training.ihmafrica.com/Logo.ico","1","GET","carepro-training.ihmafrica.com","/Logo.ico","27901.63","6816A2E5242760C0B6A704A22FEA5C6F","https://carepro-training.ihmafrica.com/","200","Other","1808","471","3870","3870.000164","233534","233534","233534","","","image/x-icon","","74","HTTP/2","-1","-1","-1","-1","-1","-1","","","","other","High","High","","2038","0","0","31","-1","100","-1","-1","-1","-1","-1","-1","-1","233534","160876","","","","","0","","","3870","https://carepro-training.ihmafrica.com <https://ihmafrica.com same_site>","11","9","220","1","","","","","164","443","","","5678","3870","4341","4341","5678","1337","3870","5678","1808","6","7","3","0","","","",
"3","240303_BiDcDC_4ER","27901.45","142.251.16.94","https://fonts.gstatic.com/s/poppins/v20/pxiEyp8kv8JHgFVrJJfecnFHGPc.woff2","1","GET","fonts.gstatic.com","/s/poppins/v20/pxiEyp8kv8JHgFVrJJfecnFHGPc.woff2","27901.45","6816A2E5242760C0B6A704A22FEA5C6F","https://carepro-training.ihmafrica.com/","200","Font","190","177","4113","4113.000158","7884","7884","7884","Fri, 28 Feb 2025 06:40:10 GMT","public, max-age=31536000","font/woff2","","143","HTTP/2","3825","3825","3759","3932","3932","4113","https://fonts.googleapis.com/css2?family=Poppins:ital,wght@0,100;0,200;0,300;0,400;0,500;0,600;0,700;0,800;0,900;1,100;1,200;1,300;1,400;1,500;1,600;1,700;1,800;1,900&display=swap","","","parser","Highest","Highest","","2119","100","100","-1","-1","100","-1","-1","-1","-1","0","173","181","","","","","","","31248739","Google","","3848","pm/https://fonts.gstatic.com <https://ihmafrica.com same_site>","1","0","256","1","TLS 1.3","False","h2","4865","158","443","","","4303","4113","4290","4290","4303","13","3759","4303","544","7","8","3","0","non_blocking","","",
"3","240303_BiDcDC_4ER","27901.64","102.23.120.104","https://carepro-training.ihmafrica.com/assets/LoadRouter-WfYKlAWs.js","1","GET","carepro-training.ihmafrica.com","/assets/LoadRouter-WfYKlAWs.js","27901.64","6816A2E5242760C0B6A704A22FEA5C6F","https://carepro-training.ihmafrica.com/","200","Script","1324","1305","4348","4348.000172","36564","36564","124413","","","application/javascript","gzip","74","HTTP/2","-1","-1","-1","-1","-1","-1","https://carepro-training.ihmafrica.com/assets/index-DlbAJsYZ.js","72","43931","script","High","High","","2134","0","0","100","-1","100","-1","-1","-1","-1","-1","-1","-1","36564","0","","","","","0","","","4346","https://carepro-training.ihmafrica.com <https://ihmafrica.com same_site>","13","11","220","1","","","","","172","443","","","5672","4348","5653","5653","5672","19","4348","5672","1324","8","9","3","0","non_blocking","","",
"3","240303_BiDcDC_4ER","27901.65","102.23.120.104","https://carepro-training.ihmafrica.com/assets/PublicGuard-alCPlwsB.js","1","GET","carepro-training.ihmafrica.com","/assets/PublicGuard-alCPlwsB.js","27901.65","6816A2E5242760C0B6A704A22FEA5C6F","https://carepro-training.ihmafrica.com/","200","Script","436","436","5957","5957.00018","343","343","347","","","application/javascript","gzip","74","HTTP/2","-1","-1","-1","-1","-1","-1","https://carepro-training.ihmafrica.com/assets/index-DlbAJsYZ.js","39","58223","script","High","High","","1909","0","0","100","-1","100","-1","-1","-1","-1","-1","-1","-1","343","0","","","","","0","","","5956","https://carepro-training.ihmafrica.com <https://ihmafrica.com same_site>","15","0","220","1","","","","","180","443","","","6393","5957","6393","6393","6393","0","5957","6393","436","9","10","3","0","non_blocking","","",
"3","240303_BiDcDC_4ER","27901.66","102.23.120.104","https://carepro-training.ihmafrica.com/assets/useAuthentication-_t-fUydq.js","1","GET","carepro-training.ihmafrica.com","/assets/useAuthentication-_t-fUydq.js","27901.66","6816A2E5242760C0B6A704A22FEA5C6F","https://carepro-training.ihmafrica.com/","200","Script","871","870","5957","5957.000186","247","247","139","","","application/javascript","gzip","74","HTTP/2","-1","-1","-1","-1","-1","-1","https://carepro-training.ihmafrica.com/assets/index-DlbAJsYZ.js","39","58223","script","High","High","","1927","0","0","100","-1","100","-1","-1","-1","-1","-1","-1","-1","247","0","","","","","0","","","5956","https://carepro-training.ihmafrica.com <https://ihmafrica.com same_site>","17","15","220","1","","","","","186","443","","","6828","5957","6827","6827","6828","1","5957","6828","871","10","11","3","0","non_blocking","","",
"3","240303_BiDcDC_4ER","27901.67","102.23.120.104","https://carepro-training.ihmafrica.com/assets/UserLogin-kJrWfe3t.js","1","GET","carepro-training.ihmafrica.com","/assets/UserLogin-kJrWfe3t.js","27901.67","6816A2E5242760C0B6A704A22FEA5C6F","https://carepro-training.ihmafrica.com/","200","Script","440","439","6898","6898.000194","1690","1690","3764","","","application/javascript","gzip","74","HTTP/2","-1","-1","-1","-1","-1","-1","https://carepro-training.ihmafrica.com/assets/index-DlbAJsYZ.js","39","58223","script","High","High","","1903","0","0","100","-1","100","-1","-1","-1","-1","-1","-1","-1","1690","0","","","","","0","","","6896","https://carepro-training.ihmafrica.com <https://ihmafrica.com same_site>","19","0","220","1","","","","","194","443","","","7338","6898","7337","7337","7338","1","6898","7338","440","11","12","3","0","non_blocking","","",
"3","240303_BiDcDC_4ER","27901.68","102.23.120.104","https://carepro-training.ihmafrica.com/assets/SubmitButton-HbZYvIMm.js","1","GET","carepro-training.ihmafrica.com","/assets/SubmitButton-HbZYvIMm.js","27901.68","6816A2E5242760C0B6A704A22FEA5C6F","https://carepro-training.ihmafrica.com/","200","Script","437","436","6898","6898.0002","351","351","332","","","application/javascript","gzip","74","HTTP/2","-1","-1","-1","-1","-1","-1","https://carepro-training.ihmafrica.com/assets/index-DlbAJsYZ.js","39","58223","script","High","High","","1912","0","0","100","-1","100","-1","-1","-1","-1","-1","-1","-1","351","0","","","","","0","","","6897","https://carepro-training.ihmafrica.com <https://ihmafrica.com same_site>","21","19","220","1","","","","","200","443","","","7335","6898","7334","7334","7335","1","6898","7335","437","12","13","3","0","non_blocking","","",
"3","240303_BiDcDC_4ER","27901.69","102.23.120.104","https://carepro-training.ihmafrica.com/assets/cn-bD5gqaN6.js","1","GET","carepro-training.ihmafrica.com","/assets/cn-bD5gqaN6.js","27901.69","6816A2E5242760C0B6A704A22FEA5C6F","https://carepro-training.ihmafrica.com/","200","Script","446","443","6909","6909.000206","6837","6837","20728","","","application/javascript","gzip","74","HTTP/2","-1","-1","-1","-1","-1","-1","https://carepro-training.ihmafrica.com/assets/index-DlbAJsYZ.js","39","58223","script","High","High","","1882","0","0","100","-1","100","-1","-1","-1","-1","-1","-1","-1","6837","0","","","","","0","","","6907","https://carepro-training.ihmafrica.com <https://ihmafrica.com same_site>","23","21","220","1","","","","","206","443","","","7355","6909","7352","7352","7355","3","6909","7355","446","13","14","3","0","non_blocking","","",
"3","240303_BiDcDC_4ER","27901.70","102.23.120.104","https://carepro-training.ihmafrica.com/assets/Checkbox-fG0akycJ.js","1","GET","carepro-training.ihmafrica.com","/assets/Checkbox-fG0akycJ.js","27901.70","6816A2E5242760C0B6A704A22FEA5C6F","https://carepro-training.ihmafrica.com/","200","Script","451","449","6915","6915.000212","614","614","858","","","application/javascript","gzip","74","HTTP/2","-1","-1","-1","-1","-1","-1","https://carepro-training.ihmafrica.com/assets/index-DlbAJsYZ.js","39","58223","script","High","High","","1900","0","0","100","-1","100","-1","-1","-1","-1","-1","-1","-1","614","0","","","","","0","","","6911","https://carepro-training.ihmafrica.com <https://ihmafrica.com same_site>","25","23","220","1","","","","","212","443","","","7366","6915","7364","7364","7366","2","6915","7366","451","14","15","3","0","non_blocking","","",
"3","240303_BiDcDC_4ER","27901.71","102.23.120.104","https://carepro-training.ihmafrica.com/assets/Input-iVeBuOy1.js","1","GET","carepro-training.ihmafrica.com","/assets/Input-iVeBuOy1.js","27901.71","6816A2E5242760C0B6A704A22FEA5C6F","https://carepro-training.ihmafrica.com/","200","Script","446","444","6917","6917.000218","643","643","897","","","application/javascript","gzip","74","HTTP/2","-1","-1","-1","-1","-1","-1","https://carepro-training.ihmafrica.com/assets/index-DlbAJsYZ.js","39","58223","script","High","High","","1891","0","0","100","-1","100","-1","-1","-1","-1","-1","-1","-1","643","0","","","","","0","","","6913","https://carepro-training.ihmafrica.com <https://ihmafrica.com same_site>","27","25","220","1","","","","","218","443","","","7363","6917","7361","7361","7363","2","6917","7363","446","15","16","3","0","non_blocking","","",
"3","240303_BiDcDC_4ER","27901.72","102.23.120.104","https://carepro-training.ihmafrica.com/assets/Password-pK16DQ7B.js","1","GET","carepro-training.ihmafrica.com","/assets/Password-pK16DQ7B.js","27901.72","6816A2E5242760C0B6A704A22FEA5C6F","https://carepro-training.ihmafrica.com/","200","Script","452","450","6923","6923.000224","772","772","1118","","","application/javascript","gzip","74","HTTP/2","-1","-1","-1","-1","-1","-1","https://carepro-training.ihmafrica.com/assets/index-DlbAJsYZ.js","39","58223","script","High","High","","1900","0","0","100","-1","100","-1","-1","-1","-1","-1","-1","-1","772","0","","","","","0","","","6918","https://carepro-training.ihmafrica.com <https://ihmafrica.com same_site>","29","27","220","1","","","","","224","443","","","7375","6923","7373","7373","7375","2","6923","7375","452","16","17","3","0","non_blocking","","",
"3","240303_BiDcDC_4ER","27901.73","102.23.120.104","https://carepro-training.ihmafrica.com/assets/index.esm-whj-Fd8a.js","1","GET","carepro-training.ihmafrica.com","/assets/index.esm-whj-Fd8a.js","27901.73","6816A2E5242760C0B6A704A22FEA5C6F","https://carepro-training.ihmafrica.com/","200","Script","449","447","6929","6929.00023","695","695","1712","","","application/javascript","gzip","74","HTTP/2","-1","-1","-1","-1","-1","-1","https://carepro-training.ihmafrica.com/assets/index-DlbAJsYZ.js","39","58223","script","High","High","","1903","0","0","100","-1","100","-1","-1","-1","-1","-1","-1","-1","695","0","","","","","0","","","6921","https://carepro-training.ihmafrica.com <https://ihmafrica.com same_site>","31","29","220","1","","","","","230","443","","","7378","6929","7376","7376","7378","2","6929","7378","449","17","18","3","0","non_blocking","","",
"3","240303_BiDcDC_4ER","27901.74","102.23.120.104","https://carepro-training.ihmafrica.com/assets/iconBase-UrxdjqDm.js","1","GET","carepro-training.ihmafrica.com","/assets/iconBase-UrxdjqDm.js","27901.74","6816A2E5242760C0B6A704A22FEA5C6F","https://carepro-training.ihmafrica.com/","200","Script","463","461","6936","6936.000236","927","927","1450","","","application/javascript","gzip","74","HTTP/2","-1","-1","-1","-1","-1","-1","https://carepro-training.ihmafrica.com/assets/index-DlbAJsYZ.js","39","58223","script","High","High","","1900","0","0","100","-1","100","-1","-1","-1","-1","-1","-1","-1","927","0","","","","","0","","","6925","https://carepro-training.ihmafrica.com <https://ihmafrica.com same_site>","33","31","220","1","","","","","236","443","","","7399","6936","7397","7397","7399","2","6936","7399","463","18","19","3","0","non_blocking","","",
"3","240303_BiDcDC_4ER","27901.75","102.23.120.104","https://carepro-training.ihmafrica.com/assets/FormWrapper-lCDsyP_S.js","1","GET","carepro-training.ihmafrica.com","/assets/FormWrapper-lCDsyP_S.js","27901.75","6816A2E5242760C0B6A704A22FEA5C6F","https://carepro-training.ihmafrica.com/","200","Script","461","459","6941","6941.000242","1787","1787","4713","","","application/javascript","gzip","74","HTTP/2","-1","-1","-1","-1","-1","-1","https://carepro-training.ihmafrica.com/assets/index-DlbAJsYZ.js","39","58223","script","High","High","","1909","0","0","100","-1","100","-1","-1","-1","-1","-1","-1","-1","1787","0","","","","","0","","","6927","https://carepro-training.ihmafrica.com <https://ihmafrica.com same_site>","35","33","220","1","","","","","242","443","","","7402","6941","7400","7400","7402","2","6941","7402","461","19","20","3","0","non_blocking","","",
"3","240303_BiDcDC_4ER","27901.76","102.23.120.104","https://carepro-training.ihmafrica.com/assets/logo-tzov922y.js","1","GET","carepro-training.ihmafrica.com","/assets/logo-tzov922y.js","27901.76","6816A2E5242760C0B6A704A22FEA5C6F","https://carepro-training.ihmafrica.com/","200","Script","812","812","6957","6957.000248","1076","1076","3403","","","application/javascript","gzip","74","HTTP/2","-1","-1","-1","-1","-1","-1","https://carepro-training.ihmafrica.com/assets/index-DlbAJsYZ.js","39","58223","script","High","High","","1888","0","0","100","-1","100","-1","-1","-1","-1","-1","-1","-1","1076","0","","","","","0","","","6931","https://carepro-training.ihmafrica.com <https://ihmafrica.com same_site>","37","35","220","1","","","","","248","443","","","7769","6957","7769","7769","7769","0","6957","7769","812","20","21","3","0","non_blocking","","",
"3","240303_BiDcDC_4ER","27901.77","102.23.120.104","https://carepro-training.ihmafrica.com/assets/index.esm-zI7-PpnF.js","1","GET","carepro-training.ihmafrica.com","/assets/index.esm-zI7-PpnF.js","27901.77","6816A2E5242760C0B6A704A22FEA5C6F","https://carepro-training.ihmafrica.com/","200","Script","816","816","6958","6958.000254","992","992","1996","","","application/javascript","gzip","74","HTTP/2","-1","-1","-1","-1","-1","-1","https://carepro-training.ihmafrica.com/assets/index-DlbAJsYZ.js","39","58223","script","High","High","","1903","0","0","100","-1","100","-1","-1","-1","-1","-1","-1","-1","992","0","","","","","0","","","6933","https://carepro-training.ihmafrica.com <https://ihmafrica.com same_site>","39","37","220","1","","","","","254","443","","","7774","6958","7774","7774","7774","0","6958","7774","816","21","22","3","0","non_blocking","","",
"3","240303_BiDcDC_4ER","27901.78","102.23.120.104","https://carepro-training.ihmafrica.com/assets/index.esm-q9z-pYoh.js","1","GET","carepro-training.ihmafrica.com","/assets/index.esm-q9z-pYoh.js","27901.78","6816A2E5242760C0B6A704A22FEA5C6F","https://carepro-training.ihmafrica.com/","200","Script","813","812","6961","6961.00026","487","487","879","","","application/javascript","gzip","74","HTTP/2","-1","-1","-1","-1","-1","-1","https://carepro-training.ihmafrica.com/assets/index-DlbAJsYZ.js","39","58223","script","High","High","","1903","0","0","100","-1","100","-1","-1","-1","-1","-1","-1","-1","487","0","","","","","0","","","6937","https://carepro-training.ihmafrica.com <https://ihmafrica.com same_site>","41","39","220","1","","","","","260","443","","","7774","6961","7773","7773","7774","1","6961","7774","813","22","23","3","0","non_blocking","","",
"3","240303_BiDcDC_4ER","27901.79","102.23.120.104","https://carepro-training.ihmafrica.com/assets/index.esm-uDbI0D0T.js","1","GET","carepro-training.ihmafrica.com","/assets/index.esm-uDbI0D0T.js","27901.79","6816A2E5242760C0B6A704A22FEA5C6F","https://carepro-training.ihmafrica.com/","200","Script","816","814","6961","6961.000266","1184","1184","3760","","","application/javascript","gzip","74","HTTP/2","-1","-1","-1","-1","-1","-1","https://carepro-training.ihmafrica.com/assets/index-DlbAJsYZ.js","39","58223","script","High","High","","1903","0","0","100","-1","100","-1","-1","-1","-1","-1","-1","-1","1184","0","","","","","0","","","6939","https://carepro-training.ihmafrica.com <https://ihmafrica.com same_site>","43","41","220","1","","","","","266","443","","","7777","6961","7775","7775","7777","2","6961","7777","816","23","24","3","0","non_blocking","","",
"3","240303_BiDcDC_4ER","27901.80","102.23.120.104","https://carepro-training.ihmafrica.com/assets/useWindow-4fDySqwh.js","1","GET","carepro-training.ihmafrica.com","/assets/useWindow-4fDySqwh.js","27901.80","6816A2E5242760C0B6A704A22FEA5C6F","https://carepro-training.ihmafrica.com/","200","Script","811","809","6962","6962.000272","344","344","317","","","application/javascript","gzip","74","HTTP/2","-1","-1","-1","-1","-1","-1","https://carepro-training.ihmafrica.com/assets/index-DlbAJsYZ.js","39","58223","script","High","High","","1903","0","0","100","-1","100","-1","-1","-1","-1","-1","-1","-1","344","0","","","","","0","","","6943","https://carepro-training.ihmafrica.com <https://ihmafrica.com same_site>","45","43","220","1","","","","","272","443","","","7773","6962","7771","7771","7773","2","6962","7773","811","24","25","3","0","non_blocking","","",
"3","240303_BiDcDC_4ER","27901.81","102.23.120.104","https://carepro-training.ihmafrica.com/assets/index.esm-M5lMNFHV.js","1","GET","carepro-training.ihmafrica.com","/assets/index.esm-M5lMNFHV.js","27901.81","6816A2E5242760C0B6A704A22FEA5C6F","https://carepro-training.ihmafrica.com/","200","Script","816","815","6962","6962.000278","902","902","2808","","","application/javascript","gzip","74","HTTP/2","-1","-1","-1","-1","-1","-1","https://carepro-training.ihmafrica.com/assets/index-DlbAJsYZ.js","39","58223","script","High","High","","1903","0","0","100","-1","100","-1","-1","-1","-1","-1","-1","-1","902","0","","","","","0","","","6946","https://carepro-training.ihmafrica.com <https://ihmafrica.com same_site>","47","45","220","1","","","","","278","443","","","7778","6962","7777","7777","7778","1","6962","7778","816","25","26","3","0","non_blocking","","",
"3","240303_BiDcDC_4ER","27901.82","102.23.120.104","https://carepro-training.ihmafrica.com/assets/img/logo.png","1","GET","carepro-training.ihmafrica.com","/assets/img/logo.png","27901.82","6816A2E5242760C0B6A704A22FEA5C6F","https://carepro-training.ihmafrica.com/","200","Image","502","452","7927","7927.000284","68737","68737","68737","","","image/png","","74","HTTP/2","-1","-1","-1","-1","-1","-1","","","","other","High","Low","","2071","0","0","-1","-1","100","-1","-1","-1","-1","-1","-1","-1","","","","","68737","0","0","","","7926","https://carepro-training.ihmafrica.com <https://ihmafrica.com same_site>","49","0","147","1","","","","","284","443","","","8429","7927","8379","8379","8429","50","7927","8429","502","26","27","3","0","","","",
"3","240303_BiDcDC_4ER","27901.54","142.251.16.94","https://fonts.gstatic.com/s/poppins/v20/pxiByp8kv8JHgFVrLCz7Z1xlFd2JQEk.woff2","1","GET","fonts.gstatic.com","/s/poppins/v20/pxiByp8kv8JHgFVrLCz7Z1xlFd2JQEk.woff2","27901.54","6816A2E5242760C0B6A704A22FEA5C6F","https://carepro-training.ihmafrica.com/","200","Font","222","200","8099","8099.000298","7816","7816","7816","Fri, 28 Feb 2025 06:21:16 GMT","public, max-age=31536000","font/woff2","","143","HTTP/2","-1","-1","-1","-1","-1","-1","https://fonts.googleapis.com/css2?family=Poppins:ital,wght@0,100;0,200;0,300;0,400;0,500;0,600;0,700;0,800;0,900;1,100;1,200;1,300;1,400;1,500;1,600;1,700;1,800;1,900&display=swap","","","parser","Highest","Highest","","2131","100","100","-1","-1","100","-1","-1","-1","-1","-1","-1","-1","","","","","","","31247601","Google","","8090","pm/https://fonts.gstatic.com <https://ihmafrica.com same_site>","3","0","256","1","","","","","298","443","","","8321","8099","8299","8299","8321","22","8099","8321","222","27","28","3","0","non_blocking","","",
"3","240303_BiDcDC_4ER","27901.48","142.251.16.94","https://fonts.gstatic.com/s/poppins/v20/pxiByp8kv8JHgFVrLGT9Z1xlFd2JQEk.woff2","1","GET","fonts.gstatic.com","/s/poppins/v20/pxiByp8kv8JHgFVrLGT9Z1xlFd2JQEk.woff2","27901.48","6816A2E5242760C0B6A704A22FEA5C6F","https://carepro-training.ihmafrica.com/","200","Font","194","174","8099","8099.000308","7748","7748","7748","Fri, 28 Feb 2025 06:26:27 GMT","public, max-age=31536000","font/woff2","","143","HTTP/2","-1","-1","-1","-1","-1","-1","https://fonts.googleapis.com/css2?family=Poppins:ital,wght@0,100;0,200;0,300;0,400;0,500;0,600;0,700;0,800;0,900;1,100;1,200;1,300;1,400;1,500;1,600;1,700;1,800;1,900&display=swap","","","parser","Highest","Highest","","2131","100","100","-1","-1","100","-1","-1","-1","-1","-1","-1","-1","","","","","","","31247912","Google","","8095","pm/https://fonts.gstatic.com <https://ihmafrica.com same_site>","5","3","256","1","","","","","308","443","","","8293","8099","8273","8273","8293","20","8099","8293","194","28","29","3","0","non_blocking","","",
"3","240303_BiDcDC_4ER","27901.42","142.251.16.94","https://fonts.gstatic.com/s/poppins/v20/pxiByp8kv8JHgFVrLDz8Z1xlFd2JQEk.woff2","1","GET","fonts.gstatic.com","/s/poppins/v20/pxiByp8kv8JHgFVrLDz8Z1xlFd2JQEk.woff2","27901.42","6816A2E5242760C0B6A704A22FEA5C6F","https://carepro-training.ihmafrica.com/","200","Font","243","218","8100","8100.000314","7840","7840","7840","Fri, 28 Feb 2025 06:40:10 GMT","public, max-age=31536000","font/woff2","","143","HTTP/2","-1","-1","-1","-1","-1","-1","https://fonts.googleapis.com/css2?family=Poppins:ital,wght@0,100;0,200;0,300;0,400;0,500;0,600;0,700;0,800;0,900;1,100;1,200;1,300;1,400;1,500;1,600;1,700;1,800;1,900&display=swap","","","parser","Highest","Highest","","2131","100","100","-1","-1","100","-1","-1","-1","-1","-1","-1","-1","","","","","","","31248735","Google","","8096","pm/https://fonts.gstatic.com <https://ihmafrica.com same_site>","7","5","256","1","","","","","314","443","","","8343","8100","8318","8318","8343","25","8100","8343","243","29","30","3","0","non_blocking","","",
